TITLE,Price,EAN
ShopGlobe Robotstofzuiger - Robotstofzuigers - Automatische Stofzuiger - Robotstofzuiger Huisdieren,"265,95",9506315336946
Liquid Motion Timers Vloeibare Zandloper voor Kinderen - Kalmerend & Ontspannend - Sensorisch Speelgoed Fidget Speelgoed ASS ADHD - 145 cm - 5 Kleuren,"58,29",8785301642594
Bbq Accesoires Rooster - Bbq Rooster Rechthoek - Grillrooster,"67,03",6097422293275
Hoekbureau L-vorm met opbergruimte en USB-oplaadpoorten - 160 x 80 x 84 cm - 4 laden - monitorplank - thuiskantoor - wit Hoekbureau,"391,99",8785300874637
Draadloze WiFi-router Opbergdozen Houten kist Kabel Stroomdraadhouder Muurophanging Stekkerplank Plank Dubbele deur,53,4801288622573
"Behang zelfklevend behang met bloemen, 41 cm x 3 m, gouden bloemenpatroon, waterdichte meubelfolie, zelfklevende vinyl, plakfolie voor woonkamer, slaapkamer, meubels, wandbekleding","44,95",6221148555984
Droogrektoren 3 niveaus met 6 opklapbare vleugels Droogrek uitschuifbaar in lengte 66-130 cm Opvouwbaar wasrek voor grote gezinnen binnen en buiten,"98,65",8998339317628
Beentas - Beentas motor - Been tas - Motor heuptas - Motor tas - Zwart,"39,95",6097421744754
"Uitsteekvorm bosdieren set 10 stuks eekhoorns, paddenstoel, vogel, konijn, egel, boom, hert, vos, uil, herfst, fondant biscui uitstekers","34,62",6150700921960
"Magnetisch warmtewerend gordijn voor deuren, thermisch gordijn, deur, 90 x 210 cm, deurgordijn, koudebescherming zonder boren, waterdicht, winddicht, geschikt voor slaapkamer, binnen en buiten,","48,51",7756002339992
Hamsterkooi - Hamster kooi - Hamster bodembedekking - 62 x 56 x 38cm,"83,78",6150507128104
"Wasmand 4 vakken, 200 liter wasbox met wielen, opvouwbare wasmand groot, wassorteerder Wassorteersysteem Wasmand voor wasruimte, slaapkamer, kinderkamer",99,4803357335780
Anti-snurkverspreider 8 stuks herbruikbaar - Helpt tegen snurken en slaapapneu,"26,99",6151002541511
"Dekzeil, Tuinscherm, Transparant met Oogjes, Outdoor, PVC, Scheidingsgordijnen, Dekzeilen voor Paviljoenen, Pergolas, Balkons, Tuinen, 0,5 mm, Zijpanelen ETC, weerbestendig dekzeil, maat: 2x2 m","39,95",4801288596461
Ladenkastje - Lade Kastje - Ladekasten Slaapkamer - Zwart,"204,99",6097432064087
"Vevor Projectiescherm 228,6cm Projectorscherm 4K HD Projector Screen van Polyester en Aluminiumlegering met Verstelbaar Aluminium Statief en 160 Graden Kijkhoek voor Thuisbioscoop, Vergaderruimte, enz","89,95",6096730448483
"Handtas dames shopper dames groot zwart laptop tas 15,6 inch elegant PU lederen schoudertas werktas voor business kantoor school winkelen werk (zwart + make-uptas)",88,6150707974976
Windsor Console Tafel Met Onderplank - Woonkamer Hal Way Meubels (2 Laden Grijs),"163,53",6151002525559
Gratyfied - Make up tafel speelgoed - Make up tafel voor meisjes - Kaptafel kinderen - Kaptafeltje meisjes - Speelgoed kaptafel,"107,99",6150511558522
laptop tassen voor vrouwen 15.6 inch laptop tas tote handtas leer,78,6150707972934
"Kattenset - 6-delige kattenwandplanken, stabiele houten klimmer voor katten, wandpark met kattenhuis, kattenbrug, kattenboom, kattentrap en krabplank voor katten tot 10 kg","107,75",4803357300283
Neusstrips tegen snurken - 100 stuks neuspleisters voor betere slaap,"19,99",6151002533530
"Krabpaal 126 cm hoog, stabiele kattenboom, groot kattenklimrek met kattenhuis, hangmat, 2 platforms, kattenkrabpaal, afneembare pluche bal met grappige klimboom voor katten","91,95",4803357351759
Fietsmand Hond Afneembaar voor kleine hondjes MAX 5 KG - Zwarte Hondenmand Fiets Voorop - Mand Accessoires & Reflectiestrip - Hoge Kwaliteit,"20,95",9503823244411
